Epoch,Total Steps,Avg Training Loss,Avg Validation Loss,Time per Epoch (seconds),Generated Sentence,Resource
1,506,6.391410014374925,6.502031041126625,174.93824863433838,What is the first General Order?  On the command of the command of the command of the command of the command of the command of the command of the left hand and the command of the command of the command the command the command the command the command of the command the,"ArtOfWar.pdf, BlueBookTP600-4.pdf, LDRSHIP_ARN36735-FM_6-22-000-WEB-1.pdf, DrillandCer_ARN32297-TC_3-21.5-000-WEB-1.pdf, PhysFitARN30964-FM_7-22-001-WEB-4.pdf"
2,506,5.131930044046032,6.00478080928032,172.45560383796692,What is the first General Order? (cid:19)(cid:21)(cid:21)(cid:21)(cid:21)(cid:21)(cid:21)(cid:21)(cid:21)(cid:,"ArtOfWar.pdf, BlueBookTP600-4.pdf, LDRSHIP_ARN36735-FM_6-22-000-WEB-1.pdf, DrillandCer_ARN32297-TC_3-21.5-000-WEB-1.pdf, PhysFitARN30964-FM_7-22-001-WEB-4.pdf"
3,506,4.432304165580056,5.738200379045386,172.90382933616638,What is the first General Order? What else? What else? What else? What else? What else? What else? What else? What else? What else? What else? What else? What? What?,"ArtOfWar.pdf, BlueBookTP600-4.pdf, LDRSHIP_ARN36735-FM_6-22-000-WEB-1.pdf, DrillandCer_ARN32297-TC_3-21.5-000-WEB-1.pdf, PhysFitARN30964-FM_7-22-001-WEB-4.pdf"
4,506,3.811483822792415,5.587650038872236,178.90213602781296,"What is the first General Order?  When the command is given by the command is given as the command of execution  The command of execution, the command is given as the command is given the command is given the command of execution the command of execution","ArtOfWar.pdf, BlueBookTP600-4.pdf, LDRSHIP_ARN36735-FM_6-22-000-WEB-1.pdf, DrillandCer_ARN32297-TC_3-21.5-000-WEB-1.pdf, PhysFitARN30964-FM_7-22-001-WEB-4.pdf"
5,506,3.1575908538381103,5.49955121330593,196.6455873966217,What is the first General Order? (cid:122) Is the information:122) Is the leader development program. (cid:122) Review the leader development programs. (cid:122) Learning the leader development programs. (cid:,"ArtOfWar.pdf, BlueBookTP600-4.pdf, LDRSHIP_ARN36735-FM_6-22-000-WEB-1.pdf, DrillandCer_ARN32297-TC_3-21.5-000-WEB-1.pdf, PhysFitARN30964-FM_7-22-001-WEB-4.pdf"
6,506,2.445233612663661,5.476218534927619,198.91226001580557,What is the first General Order? 2-2 TC 3-21.5 03 May 2021Company Drill Figure 4-7. Left Shoulder Arms from Port Arms 03 or Left Shoulder Arms from Port Arms from Port Arms from Left Shoulder Arms from Left Shoulder,"ArtOfWar.pdf, BlueBookTP600-4.pdf, LDRSHIP_ARN36735-FM_6-22-000-WEB-1.pdf, DrillandCer_ARN32297-TC_3-21.5-000-WEB-1.pdf, PhysFitARN30964-FM_7-22-001-WEB-4.pdf"
7,506,1.7390891523229275,5.498872933838364,211.81816789082117,What is the first General Order? 2-27. Leaders must be neatly trimmed on the performance feedback. The process by— (cid:122) Space out learning sessions. It includes all the right from the right. (cid:122) Identify the,"ArtOfWar.pdf, BlueBookTP600-4.pdf, LDRSHIP_ARN36735-FM_6-22-000-WEB-1.pdf, DrillandCer_ARN32297-TC_3-21.5-000-WEB-1.pdf, PhysFitARN30964-FM_7-22-001-WEB-4.pdf"
8,506,1.1378725655229667,5.563109158292229,210.43068853020668,What is the first General Order? (cid:122) Identifying all required actions. (cid:122) Identifying the resources needed to meet the milestones. (cid:122) Establishing time estimates and deadlines that help track progress. ,"ArtOfWar.pdf, BlueBookTP600-4.pdf, LDRSHIP_ARN36735-FM_6-22-000-WEB-1.pdf, DrillandCer_ARN32297-TC_3-21.5-000-WEB-1.pdf, PhysFitARN30964-FM_7-22-001-WEB-4.pdf"
9,506,0.7143377774199949,5.656720804199821,217.99883874257407,What is the first General Order? What does their cities without laying siege to the AARs clarify what happened and accurately respond. 2-18. Once the strengths and developmental needs: (cid:122) Assess— (cid:122) Account,"ArtOfWar.pdf, BlueBookTP600-4.pdf, LDRSHIP_ARN36735-FM_6-22-000-WEB-1.pdf, DrillandCer_ARN32297-TC_3-21.5-000-WEB-1.pdf, PhysFitARN30964-FM_7-22-001-WEB-4.pdf"
10,506,0.4527813045403703,5.762964812663233,217.22000896930695,What is the first General Order? (cid:122) Identifying all required actions and actions and actions and the actions they handle subordinates and what they may have to do they take to learn a new ideas about how they perform their feelings. 2-71,"ArtOfWar.pdf, BlueBookTP600-4.pdf, LDRSHIP_ARN36735-FM_6-22-000-WEB-1.pdf, DrillandCer_ARN32297-TC_3-21.5-000-WEB-1.pdf, PhysFitARN30964-FM_7-22-001-WEB-4.pdf"
11,506,0.3098980775581518,5.872713683109523,220.96971559524536,"What is the first General Order? (cid:122) Is the information to exercise beliefs, and discussions with the opportunity to ask about the achievementally motivated and the information. (cid:122) Ask the leader for a self-assessment.","ArtOfWar.pdf, BlueBookTP600-4.pdf, LDRSHIP_ARN36735-FM_6-22-000-WEB-1.pdf, DrillandCer_ARN32297-TC_3-21.5-000-WEB-1.pdf, PhysFitARN30964-FM_7-22-001-WEB-4.pdf"
12,506,0.2370060968834892,5.977167925030115,225.01918105284372,What is the first General Order? (cid:122) Is the subordinate is not formed to mission success? (cid:122) Is it does not try it? (cid:122) Set the leader behavior suggest that subordinate agree on their abilities,"ArtOfWar.pdf, BlueBookTP600-4.pdf, LDRSHIP_ARN36735-FM_6-22-000-WEB-1.pdf, DrillandCer_ARN32297-TC_3-21.5-000-WEB-1.pdf, PhysFitARN30964-FM_7-22-001-WEB-4.pdf"
13,506,0.19563319994939174,6.082489306803533,227.3020132138179,What is the first General Order? (cid:122) Identifying all required actions. (cid:122) Identifying the resources needed to meet the milestones. (cid:122) Establishing time estimates and deadlines that help track progress. ,"ArtOfWar.pdf, BlueBookTP600-4.pdf, LDRSHIP_ARN36735-FM_6-22-000-WEB-1.pdf, DrillandCer_ARN32297-TC_3-21.5-000-WEB-1.pdf, PhysFitARN30964-FM_7-22-001-WEB-4.pdf"
14,506,0.17141116117476946,6.180310805919057,231.76431393623352,What is the first General Order? (cid:122) Identifying all members’s time treated as they are to reinforce and other achieve that their possibilities. (cid:122) Use this information that help subordinates. (cid:122,"ArtOfWar.pdf, BlueBookTP600-4.pdf, LDRSHIP_ARN36735-FM_6-22-000-WEB-1.pdf, DrillandCer_ARN32297-TC_3-21.5-000-WEB-1.pdf, PhysFitARN30964-FM_7-22-001-WEB-4.pdf"
15,506,0.16471606691776527,6.270972710510174,232.99071685473123,What is the first General Order?  Company commander’s Salute.  The company is the Salute the platoon sergeant commands that may be given are all platoon.  When the company commander gives the company commander signals to the,"ArtOfWar.pdf, BlueBookTP600-4.pdf, LDRSHIP_ARN36735-FM_6-22-000-WEB-1.pdf, DrillandCer_ARN32297-TC_3-21.5-000-WEB-1.pdf, PhysFitARN30964-FM_7-22-001-WEB-4.pdf"
16,506,0.15982201866246024,6.356437301930086,236.1538284122944,"What is the first General Order?  Either the salute battery (third officer) for the officer, command sergeant major (Sling)  If there is not carried), the final line and of the units render honors are a salute battery (see figure","ArtOfWar.pdf, BlueBookTP600-4.pdf, LDRSHIP_ARN36735-FM_6-22-000-WEB-1.pdf, DrillandCer_ARN32297-TC_3-21.5-000-WEB-1.pdf, PhysFitARN30964-FM_7-22-001-WEB-4.pdf"
17,506,0.15865442898904852,6.437450912094338,237.24650312872495,"What is the first General Order? 2-4 TC 3-21.5 03 May 2021Saluting Order Arms from Sling Arms during ceremonies when the following procedures:  When the command is Port Arms is Port Arms is Order, the command is Sling,","ArtOfWar.pdf, BlueBookTP600-4.pdf, LDRSHIP_ARN36735-FM_6-22-000-WEB-1.pdf, DrillandCer_ARN32297-TC_3-21.5-000-WEB-1.pdf, PhysFitARN30964-FM_7-22-001-WEB-4.pdf"
18,506,0.08948001303809433,6.516293272883125,240.7094131310781,"What is the first General Order?  On the command?  On the command of execution ARMS, execute Port Arms, execute Present Arms from Left Shoulder Arms, RE-count movement.  On count two, release the grasp","ArtOfWar.pdf, BlueBookTP600-4.pdf, LDRSHIP_ARN36735-FM_6-22-000-WEB-1.pdf, DrillandCer_ARN32297-TC_3-21.5-000-WEB-1.pdf, PhysFitARN30964-FM_7-22-001-WEB-4.pdf"
19,506,0.04724813361280403,6.587085452355014,243.120098088917,"What is the first General Order?  On the command ARMS, the command of execution ARMS, release the grasp of the left hand and raise the without strain. CHANGING POSITIONS 5-6 TC 3-21.5 03 May","ArtOfWar.pdf, BlueBookTP600-4.pdf, LDRSHIP_ARN36735-FM_6-22-000-WEB-1.pdf, DrillandCer_ARN32297-TC_3-21.5-000-WEB-1.pdf, PhysFitARN30964-FM_7-22-001-WEB-4.pdf"
20,506,0.03533906004807577,6.652751853579118,243.99600191116332,"What is the first General Order?  On the command ARMS, the command of execution ARMS, release the grasp of the left hand and place the right hand and raise the about.  On the command of the carbine from the right hand","ArtOfWar.pdf, BlueBookTP600-4.pdf, LDRSHIP_ARN36735-FM_6-22-000-WEB-1.pdf, DrillandCer_ARN32297-TC_3-21.5-000-WEB-1.pdf, PhysFitARN30964-FM_7-22-001-WEB-4.pdf"
1,506,6.607676026378225,6.707519115186205,166.5964913368225,What is the first General Order?  On the command of the command of the command of the command of the command of the command of the command of the command of the command of the command of the command of the command of the command of the command of the command of,"ArtOfWar.pdf, BlueBookTP600-4.pdf, LDRSHIP_ARN36735-FM_6-22-000-WEB-1.pdf, DrillandCer_ARN32297-TC_3-21.5-000-WEB-1.pdf, PhysFitARN30964-FM_7-22-001-WEB-4.pdf"
2,506,5.303603742904814,6.159787156898987,163.32840991020203,What is the first General Order?  On the command of the command of the command of the command of the command of the command of the command of the command of the command of the command of the command of the command of the command of the command of the command of,"ArtOfWar.pdf, BlueBookTP600-4.pdf, LDRSHIP_ARN36735-FM_6-22-000-WEB-1.pdf, DrillandCer_ARN32297-TC_3-21.5-000-WEB-1.pdf, PhysFitARN30964-FM_7-22-001-WEB-4.pdf"
3,506,4.634820811833317,5.862948417663574,164.59674517313638,What is the first General Order? (cid:131) FM 6-22 (cid:19)(cid:21)(cid:21)(cid:21)(cid:21)(cid:21)(cid:21)(cid:,"ArtOfWar.pdf, BlueBookTP600-4.pdf, LDRSHIP_ARN36735-FM_6-22-000-WEB-1.pdf, DrillandCer_ARN32297-TC_3-21.5-000-WEB-1.pdf, PhysFitARN30964-FM_7-22-001-WEB-4.pdf"
4,506,4.068187157627151,5.6775784951669195,175.6379253268242,"What is the first General Order? (cid:122) Be aware of the (cid:122) Be aware of the right or (cid:122) Be. (cid:122) Be the right hand, or the right hand,","ArtOfWar.pdf, BlueBookTP600-4.pdf, LDRSHIP_ARN36735-FM_6-22-000-WEB-1.pdf, DrillandCer_ARN32297-TC_3-21.5-000-WEB-1.pdf, PhysFitARN30964-FM_7-22-001-WEB-4.pdf"
5,506,3.5145665802974473,5.555617669825497,184.3006633758545,What is the first General Order? 2-2. The leader is the leader is not in the leader is used to the the-2. The commander is in the same manner as the same manner as the the right foot strikes the the right foot strikes the marching,"ArtOfWar.pdf, BlueBookTP600-4.pdf, LDRSHIP_ARN36735-FM_6-22-000-WEB-1.pdf, DrillandCer_ARN32297-TC_3-21.5-000-WEB-1.pdf, PhysFitARN30964-FM_7-22-001-WEB-4.pdf"
6,506,2.9209176429175576,5.4868731106582445,186.55977018674216,What is the first General Order? (cid:122) Re-2. (cid:122) Developmental Activities. (cid:122) Developmental Activities:122) Providing feedback from the leader’s actions. (cid,"ArtOfWar.pdf, BlueBookTP600-4.pdf, LDRSHIP_ARN36735-FM_6-22-000-WEB-1.pdf, DrillandCer_ARN32297-TC_3-21.5-000-WEB-1.pdf, PhysFitARN30964-FM_7-22-001-WEB-4.pdf"
7,506,2.2991530817487966,5.461575163100099,185.2572423049382,What is the first General Order? 2-2 TC 3-21.5 03 May 2021Appendix G (cid:122) The platoon to the first sergeant returns to the first sergeant commands (cid:122) The platoon sergeant commands the platoon to the,"ArtOfWar.pdf, BlueBookTP600-4.pdf, LDRSHIP_ARN36735-FM_6-22-000-WEB-1.pdf, DrillandCer_ARN32297-TC_3-21.5-000-WEB-1.pdf, PhysFitARN30964-FM_7-22-001-WEB-4.pdf"
8,506,1.6956388161116438,5.478478066715193,189.36121812462807,"What is the first General Order? What is the first step in the same actions that of music, the conclusion of arms and the Position of Attention.  When at Attention, the first sergeant faces about and the first sergeant and the first sergeant the platoon sergeant","ArtOfWar.pdf, BlueBookTP600-4.pdf, LDRSHIP_ARN36735-FM_6-22-000-WEB-1.pdf, DrillandCer_ARN32297-TC_3-21.5-000-WEB-1.pdf, PhysFitARN30964-FM_7-22-001-WEB-4.pdf"
9,506,1.1812679316450956,5.52582675879402,191.5315879450904,What is the first General Order? What do? What else is this? What was the outcome? What actions did you? What did you dealt? Are any assumptions unneeded; emulate? What did you for your first Did you think about what,"ArtOfWar.pdf, BlueBookTP600-4.pdf, LDRSHIP_ARN36735-FM_6-22-000-WEB-1.pdf, DrillandCer_ARN32297-TC_3-21.5-000-WEB-1.pdf, PhysFitARN30964-FM_7-22-001-WEB-4.pdf"
10,506,0.7770707133141431,5.593420362755244,194.28839175701142,What is the first General Order? 2-2 TC 3-21.5 03 May 2021Saluting of each vehicle dismountains the procedures for the orderly formation and movement of the procedures for the procedures for the formation:  To march forward and the,"ArtOfWar.pdf, BlueBookTP600-4.pdf, LDRSHIP_ARN36735-FM_6-22-000-WEB-1.pdf, DrillandCer_ARN32297-TC_3-21.5-000-WEB-1.pdf, PhysFitARN30964-FM_7-22-001-WEB-4.pdf"
11,506,0.49971736378584924,5.673485008561633,197.33200309493324,What is the first General Order? 2-2 TC 3-21.5 03 May 2021Saluting of each vehicle dismounts and renders the Hand Salute. Tank and armored car commanders Salute from its vehicle. INDOORS A-7,"ArtOfWar.pdf, BlueBookTP600-4.pdf, LDRSHIP_ARN36735-FM_6-22-000-WEB-1.pdf, DrillandCer_ARN32297-TC_3-21.5-000-WEB-1.pdf, PhysFitARN30964-FM_7-22-001-WEB-4.pdf"
12,506,0.33006662024339667,5.763590014422381,197.5584844549497,What is the first General Order? What is a good role that did that do? How did you think about the situation? Start the situation or solution be developed? For improved (such as do I doubt that your supervisor? If you gauge personal AAR.,"ArtOfWar.pdf, BlueBookTP600-4.pdf, LDRSHIP_ARN36735-FM_6-22-000-WEB-1.pdf, DrillandCer_ARN32297-TC_3-21.5-000-WEB-1.pdf, PhysFitARN30964-FM_7-22-001-WEB-4.pdf"
13,506,0.2350488299202071,5.851328723698764,198.68301446621234,"What is the first General Order? Access the Central Army Registry to complete L17 IMI−Leadership Decision Making, L18 IMI−Being an Adaptable Leader in Times of Change, and L16 IMI−Managing Difficult Behavior. When","ArtOfWar.pdf, BlueBookTP600-4.pdf, LDRSHIP_ARN36735-FM_6-22-000-WEB-1.pdf, DrillandCer_ARN32297-TC_3-21.5-000-WEB-1.pdf, PhysFitARN30964-FM_7-22-001-WEB-4.pdf"
14,506,0.1813122250817039,5.936581022401216,198.91705994946616,What is the first General Order? For the examples cited and first unit. The purpose of the Nation is the conclusion of the the shortest to which a project plan. 3-2. After completing a unit or her own improves acceptance and principles are movement or team,"ArtOfWar.pdf, BlueBookTP600-4.pdf, LDRSHIP_ARN36735-FM_6-22-000-WEB-1.pdf, DrillandCer_ARN32297-TC_3-21.5-000-WEB-1.pdf, PhysFitARN30964-FM_7-22-001-WEB-4.pdf"
15,506,0.14610684754349026,6.018104824624043,199.12129270235698,"What is the first General Order? Access the Central Army Registry to complete L17 IMI−Leadership Decision Making, L18 IMI−Being an Adaptable Leader in Times of Change, andL28 IMI−Managing Difficult Behavior. When","ArtOfWar.pdf, BlueBookTP600-4.pdf, LDRSHIP_ARN36735-FM_6-22-000-WEB-1.pdf, DrillandCer_ARN32297-TC_3-21.5-000-WEB-1.pdf, PhysFitARN30964-FM_7-22-001-WEB-4.pdf"
16,506,0.12175466551669972,6.09729241118019,199.2237464785576,What is the first General Order? What is the most important as follows:  The senior commander returns to described as part of the leaders select appropriate unit.  The senior sergeant faces about eight counts of the battalion commander’s command and executes,"ArtOfWar.pdf, BlueBookTP600-4.pdf, LDRSHIP_ARN36735-FM_6-22-000-WEB-1.pdf, DrillandCer_ARN32297-TC_3-21.5-000-WEB-1.pdf, PhysFitARN30964-FM_7-22-001-WEB-4.pdf"
17,506,0.10970364265114423,6.172178372887939,200.23138929815855,"What is the first General Order? Access the Central Army Registry to complete L17 IMI−Leadership Decision Making, L18 IMI−Being an Adaptable Leader in Times of Change, andL28 IMI−Managing Difficult Behavior. When","ArtOfWar.pdf, BlueBookTP600-4.pdf, LDRSHIP_ARN36735-FM_6-22-000-WEB-1.pdf, DrillandCer_ARN32297-TC_3-21.5-000-WEB-1.pdf, PhysFitARN30964-FM_7-22-001-WEB-4.pdf"
18,506,0.10031340207183079,6.24283672504446,199.7996259133021,What is the first General Order? What is the most important for the purpose of the first solution that nerve in an individual’s ability to achieve. This manual will entail the new leadership. 2. The proper development expectations of all levels of effective in its Soldiers,"ArtOfWar.pdf, BlueBookTP600-4.pdf, LDRSHIP_ARN36735-FM_6-22-000-WEB-1.pdf, DrillandCer_ARN32297-TC_3-21.5-000-WEB-1.pdf, PhysFitARN30964-FM_7-22-001-WEB-4.pdf"
19,506,0.06349759822041386,6.307850867215383,200.8148662793009,"What is the first General Order? Access the Central Army Registry to complete L17 IMI−Leadership Decision Making, L18 IMI−Being an Adaptable Leader in Times of Change, andL28 IMI−Managing Difficult Behavior. When","ArtOfWar.pdf, BlueBookTP600-4.pdf, LDRSHIP_ARN36735-FM_6-22-000-WEB-1.pdf, DrillandCer_ARN32297-TC_3-21.5-000-WEB-1.pdf, PhysFitARN30964-FM_7-22-001-WEB-4.pdf"
20,506,0.04258766047759607,6.36765409599651,200.77251096963883,"What is the first General Order? Access the Central Army Registry to complete L17 IMI−Leadership Decision Making, L18 IMI−Being an Adaptable Leader in Times of Change, andL28 IMI−Managing Difficult Behavior. When","ArtOfWar.pdf, BlueBookTP600-4.pdf, LDRSHIP_ARN36735-FM_6-22-000-WEB-1.pdf, DrillandCer_ARN32297-TC_3-21.5-000-WEB-1.pdf, PhysFitARN30964-FM_7-22-001-WEB-4.pdf"
1,506,6.607676026378225,6.707519115186205,163.58702421188354,What is the first General Order?  On the command of the command of the command of the command of the command of the command of the command of the command of the command of the command of the command of the command of the command of the command of the command of,"ArtOfWar.pdf, BlueBookTP600-4.pdf, LDRSHIP_ARN36735-FM_6-22-000-WEB-1.pdf, DrillandCer_ARN32297-TC_3-21.5-000-WEB-1.pdf, PhysFitARN30964-FM_7-22-001-WEB-4.pdf"
2,506,5.303603742904814,6.159787156898987,162.5033574104309,What is the first General Order?  On the command of the command of the command of the command of the command of the command of the command of the command of the command of the command of the command of the command of the command of the command of the command of,"ArtOfWar.pdf, BlueBookTP600-4.pdf, LDRSHIP_ARN36735-FM_6-22-000-WEB-1.pdf, DrillandCer_ARN32297-TC_3-21.5-000-WEB-1.pdf, PhysFitARN30964-FM_7-22-001-WEB-4.pdf"
3,506,4.634820811833317,5.862948417663574,162.21633760134378,What is the first General Order? (cid:131) FM 6-22 (cid:19)(cid:21)(cid:21)(cid:21)(cid:21)(cid:21)(cid:21)(cid:,"ArtOfWar.pdf, BlueBookTP600-4.pdf, LDRSHIP_ARN36735-FM_6-22-000-WEB-1.pdf, DrillandCer_ARN32297-TC_3-21.5-000-WEB-1.pdf, PhysFitARN30964-FM_7-22-001-WEB-4.pdf"
4,506,4.068187157627151,5.6775784951669195,161.94252389669418,"What is the first General Order? (cid:122) Be aware of the (cid:122) Be aware of the right or (cid:122) Be. (cid:122) Be the right hand, or the right hand,","ArtOfWar.pdf, BlueBookTP600-4.pdf, LDRSHIP_ARN36735-FM_6-22-000-WEB-1.pdf, DrillandCer_ARN32297-TC_3-21.5-000-WEB-1.pdf, PhysFitARN30964-FM_7-22-001-WEB-4.pdf"
5,506,3.5145665802974473,5.555617669825497,163.24583811759948,What is the first General Order? 2-2. The leader is the leader is not in the leader is used to the the-2. The commander is in the same manner as the same manner as the the right foot strikes the the right foot strikes the marching,"ArtOfWar.pdf, BlueBookTP600-4.pdf, LDRSHIP_ARN36735-FM_6-22-000-WEB-1.pdf, DrillandCer_ARN32297-TC_3-21.5-000-WEB-1.pdf, PhysFitARN30964-FM_7-22-001-WEB-4.pdf"
6,506,2.9209176429175576,5.4868731106582445,164.55933598677316,What is the first General Order? (cid:122) Re-2. (cid:122) Developmental Activities. (cid:122) Developmental Activities:122) Providing feedback from the leader’s actions. (cid,"ArtOfWar.pdf, BlueBookTP600-4.pdf, LDRSHIP_ARN36735-FM_6-22-000-WEB-1.pdf, DrillandCer_ARN32297-TC_3-21.5-000-WEB-1.pdf, PhysFitARN30964-FM_7-22-001-WEB-4.pdf"
7,506,2.2991530817487966,5.461575163100099,165.46224062783378,What is the first General Order? 2-2 TC 3-21.5 03 May 2021Appendix G (cid:122) The platoon to the first sergeant returns to the first sergeant commands (cid:122) The platoon sergeant commands the platoon to the,"ArtOfWar.pdf, BlueBookTP600-4.pdf, LDRSHIP_ARN36735-FM_6-22-000-WEB-1.pdf, DrillandCer_ARN32297-TC_3-21.5-000-WEB-1.pdf, PhysFitARN30964-FM_7-22-001-WEB-4.pdf"
8,506,1.6956388161116438,5.478478066715193,166.08846989274025,"What is the first General Order? What is the first step in the same actions that of music, the conclusion of arms and the Position of Attention.  When at Attention, the first sergeant faces about and the first sergeant and the first sergeant the platoon sergeant","ArtOfWar.pdf, BlueBookTP600-4.pdf, LDRSHIP_ARN36735-FM_6-22-000-WEB-1.pdf, DrillandCer_ARN32297-TC_3-21.5-000-WEB-1.pdf, PhysFitARN30964-FM_7-22-001-WEB-4.pdf"
9,506,1.1812679316450956,5.52582675879402,170.88825588756137,What is the first General Order? What do? What else is this? What was the outcome? What actions did you? What did you dealt? Are any assumptions unneeded; emulate? What did you for your first Did you think about what,"ArtOfWar.pdf, BlueBookTP600-4.pdf, LDRSHIP_ARN36735-FM_6-22-000-WEB-1.pdf, DrillandCer_ARN32297-TC_3-21.5-000-WEB-1.pdf, PhysFitARN30964-FM_7-22-001-WEB-4.pdf"
10,506,0.7770707133141431,5.593420362755244,174.07788014411926,What is the first General Order? 2-2 TC 3-21.5 03 May 2021Saluting of each vehicle dismountains the procedures for the orderly formation and movement of the procedures for the procedures for the formation:  To march forward and the,"ArtOfWar.pdf, BlueBookTP600-4.pdf, LDRSHIP_ARN36735-FM_6-22-000-WEB-1.pdf, DrillandCer_ARN32297-TC_3-21.5-000-WEB-1.pdf, PhysFitARN30964-FM_7-22-001-WEB-4.pdf"
11,506,0.49971736378584924,5.673485008561633,176.9822622862729,What is the first General Order? 2-2 TC 3-21.5 03 May 2021Saluting of each vehicle dismounts and renders the Hand Salute. Tank and armored car commanders Salute from its vehicle. INDOORS A-7,"ArtOfWar.pdf, BlueBookTP600-4.pdf, LDRSHIP_ARN36735-FM_6-22-000-WEB-1.pdf, DrillandCer_ARN32297-TC_3-21.5-000-WEB-1.pdf, PhysFitARN30964-FM_7-22-001-WEB-4.pdf"
12,506,0.33006662024339667,5.763590014422381,183.22771789630255,What is the first General Order? What is a good role that did that do? How did you think about the situation? Start the situation or solution be developed? For improved (such as do I doubt that your supervisor? If you gauge personal AAR.,"ArtOfWar.pdf, BlueBookTP600-4.pdf, LDRSHIP_ARN36735-FM_6-22-000-WEB-1.pdf, DrillandCer_ARN32297-TC_3-21.5-000-WEB-1.pdf, PhysFitARN30964-FM_7-22-001-WEB-4.pdf"
13,506,0.2350488299202071,5.851328723698764,187.11349951303922,"What is the first General Order? Access the Central Army Registry to complete L17 IMI−Leadership Decision Making, L18 IMI−Being an Adaptable Leader in Times of Change, and L16 IMI−Managing Difficult Behavior. When","ArtOfWar.pdf, BlueBookTP600-4.pdf, LDRSHIP_ARN36735-FM_6-22-000-WEB-1.pdf, DrillandCer_ARN32297-TC_3-21.5-000-WEB-1.pdf, PhysFitARN30964-FM_7-22-001-WEB-4.pdf"
14,506,0.1813122250817039,5.936581022401216,187.3822078875133,What is the first General Order? For the examples cited and first unit. The purpose of the Nation is the conclusion of the the shortest to which a project plan. 3-2. After completing a unit or her own improves acceptance and principles are movement or team,"ArtOfWar.pdf, BlueBookTP600-4.pdf, LDRSHIP_ARN36735-FM_6-22-000-WEB-1.pdf, DrillandCer_ARN32297-TC_3-21.5-000-WEB-1.pdf, PhysFitARN30964-FM_7-22-001-WEB-4.pdf"
15,506,0.14610684754349026,6.018104824624043,187.7365933895111,"What is the first General Order? Access the Central Army Registry to complete L17 IMI−Leadership Decision Making, L18 IMI−Being an Adaptable Leader in Times of Change, andL28 IMI−Managing Difficult Behavior. When","ArtOfWar.pdf, BlueBookTP600-4.pdf, LDRSHIP_ARN36735-FM_6-22-000-WEB-1.pdf, DrillandCer_ARN32297-TC_3-21.5-000-WEB-1.pdf, PhysFitARN30964-FM_7-22-001-WEB-4.pdf"
16,506,0.12175466551669972,6.09729241118019,190.59216485917568,What is the first General Order? What is the most important as follows:  The senior commander returns to described as part of the leaders select appropriate unit.  The senior sergeant faces about eight counts of the battalion commander’s command and executes,"ArtOfWar.pdf, BlueBookTP600-4.pdf, LDRSHIP_ARN36735-FM_6-22-000-WEB-1.pdf, DrillandCer_ARN32297-TC_3-21.5-000-WEB-1.pdf, PhysFitARN30964-FM_7-22-001-WEB-4.pdf"
17,506,0.10970364265114423,6.172178372887939,190.445480038138,"What is the first General Order? Access the Central Army Registry to complete L17 IMI−Leadership Decision Making, L18 IMI−Being an Adaptable Leader in Times of Change, andL28 IMI−Managing Difficult Behavior. When","ArtOfWar.pdf, BlueBookTP600-4.pdf, LDRSHIP_ARN36735-FM_6-22-000-WEB-1.pdf, DrillandCer_ARN32297-TC_3-21.5-000-WEB-1.pdf, PhysFitARN30964-FM_7-22-001-WEB-4.pdf"
18,506,0.10031340207183079,6.24283672504446,192.86676987012228,What is the first General Order? What is the most important for the purpose of the first solution that nerve in an individual’s ability to achieve. This manual will entail the new leadership. 2. The proper development expectations of all levels of effective in its Soldiers,"ArtOfWar.pdf, BlueBookTP600-4.pdf, LDRSHIP_ARN36735-FM_6-22-000-WEB-1.pdf, DrillandCer_ARN32297-TC_3-21.5-000-WEB-1.pdf, PhysFitARN30964-FM_7-22-001-WEB-4.pdf"
19,506,0.06349759822041386,6.307850867215383,194.83929571352508,"What is the first General Order? Access the Central Army Registry to complete L17 IMI−Leadership Decision Making, L18 IMI−Being an Adaptable Leader in Times of Change, andL28 IMI−Managing Difficult Behavior. When","ArtOfWar.pdf, BlueBookTP600-4.pdf, LDRSHIP_ARN36735-FM_6-22-000-WEB-1.pdf, DrillandCer_ARN32297-TC_3-21.5-000-WEB-1.pdf, PhysFitARN30964-FM_7-22-001-WEB-4.pdf"
20,506,0.04258766047759607,6.36765409599651,196.01611791849137,"What is the first General Order? Access the Central Army Registry to complete L17 IMI−Leadership Decision Making, L18 IMI−Being an Adaptable Leader in Times of Change, andL28 IMI−Managing Difficult Behavior. When","ArtOfWar.pdf, BlueBookTP600-4.pdf, LDRSHIP_ARN36735-FM_6-22-000-WEB-1.pdf, DrillandCer_ARN32297-TC_3-21.5-000-WEB-1.pdf, PhysFitARN30964-FM_7-22-001-WEB-4.pdf"
1,586,6.537145218344679,7.028501882391461,189.47392892837524,"What are the main principles outlined in Sun Tzu's 'Art of War' regarding strategy?  To the right hand, and the right hand.  The COT the left hand and the right hand.  The platoon sergeant, the left hand and the right hand.  The","ArtOfWar.pdf, BlueBookTP600-4.pdf, LDRSHIP_ARN36735-FM_6-22-000-WEB-1.pdf, DrillandCer_ARN32297-TC_3-21.5-000-WEB-1.pdf, PhysFitARN30964-FM_7-22-001-WEB-4.pdf, FoodServ_ARN7458_R30_22_FINAL.pdf, Nutrition_AR40-25_WEB_Final.pdf"
2,586,5.17854763216533,6.554836971201795,188.1166398525238,"What are the main principles outlined in Sun Tzu's 'Art of War' regarding strategy? [The army is a [Thegeneral,andtheenemy’says: ""Thegeneral,andtheenemy’s,andtheenemy’says: ""Thegeneral,andtheenemy’says:","ArtOfWar.pdf, BlueBookTP600-4.pdf, LDRSHIP_ARN36735-FM_6-22-000-WEB-1.pdf, DrillandCer_ARN32297-TC_3-21.5-000-WEB-1.pdf, PhysFitARN30964-FM_7-22-001-WEB-4.pdf, FoodServ_ARN7458_R30_22_FINAL.pdf, Nutrition_AR40-25_WEB_Final.pdf"
3,586,4.485511892484723,6.2466796623034915,187.6649428208669,"What are the main principles outlined in Sun Tzu's 'Art of War' regarding strategy? (cid:122) What did you will not (cid:122) What did you will be able to the organization, and what you are not (cid:122) What did you will (cid:","ArtOfWar.pdf, BlueBookTP600-4.pdf, LDRSHIP_ARN36735-FM_6-22-000-WEB-1.pdf, DrillandCer_ARN32297-TC_3-21.5-000-WEB-1.pdf, PhysFitARN30964-FM_7-22-001-WEB-4.pdf, FoodServ_ARN7458_R30_22_FINAL.pdf, Nutrition_AR40-25_WEB_Final.pdf"
4,586,3.9104914807622344,6.048323518431771,188.90494638681412,"What are the main principles outlined in Sun Tzu's 'Art of War' regarding strategy? (3) Provide the Army’s Army’s Army’s Army’s (4) (4) Provide the Army’s Army, and the Army’s Army’s Army.","ArtOfWar.pdf, BlueBookTP600-4.pdf, LDRSHIP_ARN36735-FM_6-22-000-WEB-1.pdf, DrillandCer_ARN32297-TC_3-21.5-000-WEB-1.pdf, PhysFitARN30964-FM_7-22-001-WEB-4.pdf, FoodServ_ARN7458_R30_22_FINAL.pdf, Nutrition_AR40-25_WEB_Final.pdf"
5,586,3.361691106301526,5.9154670523295225,190.62687168121337,"What are the main principles outlined in Sun Tzu's 'Art of War' regarding strategy? [Tu Mu says: ""I am an army, and isnotappears,andtheenemyisobstheenemyis familiarillustheenemyisnotagreatisobecanarmyisnotbeablet","ArtOfWar.pdf, BlueBookTP600-4.pdf, LDRSHIP_ARN36735-FM_6-22-000-WEB-1.pdf, DrillandCer_ARN32297-TC_3-21.5-000-WEB-1.pdf, PhysFitARN30964-FM_7-22-001-WEB-4.pdf, FoodServ_ARN7458_R30_22_FINAL.pdf, Nutrition_AR40-25_WEB_Final.pdf"
6,586,2.7821420355868423,5.838278417560187,193.08728802204132,What are the main principles outlined in Sun Tzu's 'Art of War' regarding strategy? 11-22. The most intense the author of the military is:  The band may be used to the honor guard of the bugler is a two the same as the firing party is horizontal position. The two fingers,"ArtOfWar.pdf, BlueBookTP600-4.pdf, LDRSHIP_ARN36735-FM_6-22-000-WEB-1.pdf, DrillandCer_ARN32297-TC_3-21.5-000-WEB-1.pdf, PhysFitARN30964-FM_7-22-001-WEB-4.pdf, FoodServ_ARN7458_R30_22_FINAL.pdf, Nutrition_AR40-25_WEB_Final.pdf"
7,586,2.183291302809536,5.811923904047233,201.9723639147622,"What are the main principles outlined in Sun Tzu's 'Art of War' regarding strategy? 3-24. The goal is the ability to the same way to the is an indicator of the Soldier. The goal of information that can be s are the brain requires patience in the same way of the amount of the brain, and","ArtOfWar.pdf, BlueBookTP600-4.pdf, LDRSHIP_ARN36735-FM_6-22-000-WEB-1.pdf, DrillandCer_ARN32297-TC_3-21.5-000-WEB-1.pdf, PhysFitARN30964-FM_7-22-001-WEB-4.pdf, FoodServ_ARN7458_R30_22_FINAL.pdf, Nutrition_AR40-25_WEB_Final.pdf"
8,586,1.6071925830515579,5.822973353522165,205.00110319256783,"What are the main principles outlined in Sun Tzu's 'Art of War' regarding strategy? It is the most? What else could this way, what happened to consider the most vulnerable in a conclusion of the position. In a friend or irritated and may not fit for that does not or group. Such repeated sessions can","ArtOfWar.pdf, BlueBookTP600-4.pdf, LDRSHIP_ARN36735-FM_6-22-000-WEB-1.pdf, DrillandCer_ARN32297-TC_3-21.5-000-WEB-1.pdf, PhysFitARN30964-FM_7-22-001-WEB-4.pdf, FoodServ_ARN7458_R30_22_FINAL.pdf, Nutrition_AR40-25_WEB_Final.pdf"
9,586,1.1195288137771164,5.864822282836336,213.49907207489014,"What are the main principles outlined in Sun Tzu's 'Art of War' regarding strategy? 14-10. The most made by the same as described in this point of a major may be used. Soldiers who need more suitable to have been lost. They should have been made, it is to provide them, it much the","ArtOfWar.pdf, BlueBookTP600-4.pdf, LDRSHIP_ARN36735-FM_6-22-000-WEB-1.pdf, DrillandCer_ARN32297-TC_3-21.5-000-WEB-1.pdf, PhysFitARN30964-FM_7-22-001-WEB-4.pdf, FoodServ_ARN7458_R30_22_FINAL.pdf, Nutrition_AR40-25_WEB_Final.pdf"
10,586,0.7376832002360666,5.92998313130779,217.42229733467101,"What are the main principles outlined in Sun Tzu's 'Art of War' regarding strategy? 2-2. Appearatpointswhichtheothers’s,andthed out whether antherestwerecontemptible;andcanonlyregretthatherefrainedfrom strengths,theenemy’s","ArtOfWar.pdf, BlueBookTP600-4.pdf, LDRSHIP_ARN36735-FM_6-22-000-WEB-1.pdf, DrillandCer_ARN32297-TC_3-21.5-000-WEB-1.pdf, PhysFitARN30964-FM_7-22-001-WEB-4.pdf, FoodServ_ARN7458_R30_22_FINAL.pdf, Nutrition_AR40-25_WEB_Final.pdf"
11,586,0.48030199578394256,6.005997706198877,226.3834324099801,"What are the main principles outlined in Sun Tzu's 'Art of War' regarding strategy? 3-4. The other hero from the same way, of breath, and the amount of information that the information is to toward something more important. The ability to be mindful. The Centennial(CMH Pub 71-3T","ArtOfWar.pdf, BlueBookTP600-4.pdf, LDRSHIP_ARN36735-FM_6-22-000-WEB-1.pdf, DrillandCer_ARN32297-TC_3-21.5-000-WEB-1.pdf, PhysFitARN30964-FM_7-22-001-WEB-4.pdf, FoodServ_ARN7458_R30_22_FINAL.pdf, Nutrition_AR40-25_WEB_Final.pdf"
12,586,0.3221668533904561,6.085079850587933,232.54317998886108,"What are the main principles outlined in Sun Tzu's 'Art of War' regarding strategy? (3) Serve? If unable to maintain the mind-minutes, if we choose to do any red and thegreatOu-yang,mayhavebeabletackersandleawholearmyasthoughyou theenemy","ArtOfWar.pdf, BlueBookTP600-4.pdf, LDRSHIP_ARN36735-FM_6-22-000-WEB-1.pdf, DrillandCer_ARN32297-TC_3-21.5-000-WEB-1.pdf, PhysFitARN30964-FM_7-22-001-WEB-4.pdf, FoodServ_ARN7458_R30_22_FINAL.pdf, Nutrition_AR40-25_WEB_Final.pdf"
13,586,0.23059480245711453,6.163528897318002,236.93992983377896,"What are the main principles outlined in Sun Tzu's 'Art of War' regarding strategy? 15-33. The physical training is to a teacher and non-compartment weekly to happen—has the moment to try and twist to the amount of the test of physical demands. The physical readiness, then MOS and nonphysical","ArtOfWar.pdf, BlueBookTP600-4.pdf, LDRSHIP_ARN36735-FM_6-22-000-WEB-1.pdf, DrillandCer_ARN32297-TC_3-21.5-000-WEB-1.pdf, PhysFitARN30964-FM_7-22-001-WEB-4.pdf, FoodServ_ARN7458_R30_22_FINAL.pdf, Nutrition_AR40-25_WEB_Final.pdf"
14,586,0.1814503253726829,6.238837538805769,239.7522554227284,"What are the main principles outlined in Sun Tzu's 'Art of War' regarding strategy? (3) Serve as Sun Tzu does not be found in this chapter, receipt, or Itis, the Government resources to SS. (4) Developing System changes occur in food service representatives and service representatives. (5","ArtOfWar.pdf, BlueBookTP600-4.pdf, LDRSHIP_ARN36735-FM_6-22-000-WEB-1.pdf, DrillandCer_ARN32297-TC_3-21.5-000-WEB-1.pdf, PhysFitARN30964-FM_7-22-001-WEB-4.pdf, FoodServ_ARN7458_R30_22_FINAL.pdf, Nutrition_AR40-25_WEB_Final.pdf"
15,586,0.15239314197120812,6.310632129849291,246.9813767751058,"What are the main principles outlined in Sun Tzu's 'Art of War' regarding strategy? 14-19. The other hero procedures the sequence of the body will provide context to change, and it is believed they still to expect. If, we are held as part of a muscle, it is called is 200","ArtOfWar.pdf, BlueBookTP600-4.pdf, LDRSHIP_ARN36735-FM_6-22-000-WEB-1.pdf, DrillandCer_ARN32297-TC_3-21.5-000-WEB-1.pdf, PhysFitARN30964-FM_7-22-001-WEB-4.pdf, FoodServ_ARN7458_R30_22_FINAL.pdf, Nutrition_AR40-25_WEB_Final.pdf"
16,586,0.13071438581158276,6.379397246120835,248.8354096710682,"What are the main principles outlined in Sun Tzu's 'Art of War' regarding strategy? 14-62. The control of this principle are discussed in this way of a that Soldiers perform their work, the Army, and the Army Ethic, and Army National Guard/ to the difference between the requesting activity ble in Initial Military","ArtOfWar.pdf, BlueBookTP600-4.pdf, LDRSHIP_ARN36735-FM_6-22-000-WEB-1.pdf, DrillandCer_ARN32297-TC_3-21.5-000-WEB-1.pdf, PhysFitARN30964-FM_7-22-001-WEB-4.pdf, FoodServ_ARN7458_R30_22_FINAL.pdf, Nutrition_AR40-25_WEB_Final.pdf"
1,586,6.537145218344679,7.028501882391461,186.89087104797363,"What are the main principles outlined in Sun Tzu's 'Art of War' regarding strategy?  To the right hand, and the right hand.  The COT the left hand and the right hand.  The platoon sergeant, the left hand and the right hand.  The","ArtOfWar.pdf, BlueBookTP600-4.pdf, LDRSHIP_ARN36735-FM_6-22-000-WEB-1.pdf, DrillandCer_ARN32297-TC_3-21.5-000-WEB-1.pdf, PhysFitARN30964-FM_7-22-001-WEB-4.pdf, FoodServ_ARN7458_R30_22_FINAL.pdf, Nutrition_AR40-25_WEB_Final.pdf"
2,586,5.17854763216533,6.554836971201795,186.36918902397156,"What are the main principles outlined in Sun Tzu's 'Art of War' regarding strategy? [The army is a [Thegeneral,andtheenemy’says: ""Thegeneral,andtheenemy’s,andtheenemy’says: ""Thegeneral,andtheenemy’says:","ArtOfWar.pdf, BlueBookTP600-4.pdf, LDRSHIP_ARN36735-FM_6-22-000-WEB-1.pdf, DrillandCer_ARN32297-TC_3-21.5-000-WEB-1.pdf, PhysFitARN30964-FM_7-22-001-WEB-4.pdf, FoodServ_ARN7458_R30_22_FINAL.pdf, Nutrition_AR40-25_WEB_Final.pdf"
3,586,4.485511892484723,6.2466796623034915,190.49976555506387,"What are the main principles outlined in Sun Tzu's 'Art of War' regarding strategy? (cid:122) What did you will not (cid:122) What did you will be able to the organization, and what you are not (cid:122) What did you will (cid:","ArtOfWar.pdf, BlueBookTP600-4.pdf, LDRSHIP_ARN36735-FM_6-22-000-WEB-1.pdf, DrillandCer_ARN32297-TC_3-21.5-000-WEB-1.pdf, PhysFitARN30964-FM_7-22-001-WEB-4.pdf, FoodServ_ARN7458_R30_22_FINAL.pdf, Nutrition_AR40-25_WEB_Final.pdf"
4,586,3.9104914807622344,6.048323518431771,220.45750433206558,"What are the main principles outlined in Sun Tzu's 'Art of War' regarding strategy? (3) Provide the Army’s Army’s Army’s Army’s (4) (4) Provide the Army’s Army, and the Army’s Army’s Army.","ArtOfWar.pdf, BlueBookTP600-4.pdf, LDRSHIP_ARN36735-FM_6-22-000-WEB-1.pdf, DrillandCer_ARN32297-TC_3-21.5-000-WEB-1.pdf, PhysFitARN30964-FM_7-22-001-WEB-4.pdf, FoodServ_ARN7458_R30_22_FINAL.pdf, Nutrition_AR40-25_WEB_Final.pdf"
5,586,3.361691106301526,5.9154670523295225,234.49276719093322,"What are the main principles outlined in Sun Tzu's 'Art of War' regarding strategy? [Tu Mu says: ""I am an army, and isnotappears,andtheenemyisobstheenemyis familiarillustheenemyisnotagreatisobecanarmyisnotbeablet","ArtOfWar.pdf, BlueBookTP600-4.pdf, LDRSHIP_ARN36735-FM_6-22-000-WEB-1.pdf, DrillandCer_ARN32297-TC_3-21.5-000-WEB-1.pdf, PhysFitARN30964-FM_7-22-001-WEB-4.pdf, FoodServ_ARN7458_R30_22_FINAL.pdf, Nutrition_AR40-25_WEB_Final.pdf"
6,586,2.7821420355868423,5.838278417560187,241.75741465886435,What are the main principles outlined in Sun Tzu's 'Art of War' regarding strategy? 11-22. The most intense the author of the military is:  The band may be used to the honor guard of the bugler is a two the same as the firing party is horizontal position. The two fingers,"ArtOfWar.pdf, BlueBookTP600-4.pdf, LDRSHIP_ARN36735-FM_6-22-000-WEB-1.pdf, DrillandCer_ARN32297-TC_3-21.5-000-WEB-1.pdf, PhysFitARN30964-FM_7-22-001-WEB-4.pdf, FoodServ_ARN7458_R30_22_FINAL.pdf, Nutrition_AR40-25_WEB_Final.pdf"
7,586,2.183291302809536,5.811923904047233,247.33823936326164,"What are the main principles outlined in Sun Tzu's 'Art of War' regarding strategy? 3-24. The goal is the ability to the same way to the is an indicator of the Soldier. The goal of information that can be s are the brain requires patience in the same way of the amount of the brain, and","ArtOfWar.pdf, BlueBookTP600-4.pdf, LDRSHIP_ARN36735-FM_6-22-000-WEB-1.pdf, DrillandCer_ARN32297-TC_3-21.5-000-WEB-1.pdf, PhysFitARN30964-FM_7-22-001-WEB-4.pdf, FoodServ_ARN7458_R30_22_FINAL.pdf, Nutrition_AR40-25_WEB_Final.pdf"
8,586,1.6071925830515579,5.822973353522165,252.89871788024902,"What are the main principles outlined in Sun Tzu's 'Art of War' regarding strategy? It is the most? What else could this way, what happened to consider the most vulnerable in a conclusion of the position. In a friend or irritated and may not fit for that does not or group. Such repeated sessions can","ArtOfWar.pdf, BlueBookTP600-4.pdf, LDRSHIP_ARN36735-FM_6-22-000-WEB-1.pdf, DrillandCer_ARN32297-TC_3-21.5-000-WEB-1.pdf, PhysFitARN30964-FM_7-22-001-WEB-4.pdf, FoodServ_ARN7458_R30_22_FINAL.pdf, Nutrition_AR40-25_WEB_Final.pdf"
9,586,1.1195288137771164,5.864822282836336,257.54207147492303,"What are the main principles outlined in Sun Tzu's 'Art of War' regarding strategy? 14-10. The most made by the same as described in this point of a major may be used. Soldiers who need more suitable to have been lost. They should have been made, it is to provide them, it much the","ArtOfWar.pdf, BlueBookTP600-4.pdf, LDRSHIP_ARN36735-FM_6-22-000-WEB-1.pdf, DrillandCer_ARN32297-TC_3-21.5-000-WEB-1.pdf, PhysFitARN30964-FM_7-22-001-WEB-4.pdf, FoodServ_ARN7458_R30_22_FINAL.pdf, Nutrition_AR40-25_WEB_Final.pdf"
10,586,0.7376832002360666,5.92998313130779,262.0629399776459,"What are the main principles outlined in Sun Tzu's 'Art of War' regarding strategy? 2-2. Appearatpointswhichtheothers’s,andthed out whether antherestwerecontemptible;andcanonlyregretthatherefrainedfrom strengths,theenemy’s","ArtOfWar.pdf, BlueBookTP600-4.pdf, LDRSHIP_ARN36735-FM_6-22-000-WEB-1.pdf, DrillandCer_ARN32297-TC_3-21.5-000-WEB-1.pdf, PhysFitARN30964-FM_7-22-001-WEB-4.pdf, FoodServ_ARN7458_R30_22_FINAL.pdf, Nutrition_AR40-25_WEB_Final.pdf"
11,586,0.48030199578394256,6.005997706198877,267.1430906599218,"What are the main principles outlined in Sun Tzu's 'Art of War' regarding strategy? 3-4. The other hero from the same way, of breath, and the amount of information that the information is to toward something more important. The ability to be mindful. The Centennial(CMH Pub 71-3T","ArtOfWar.pdf, BlueBookTP600-4.pdf, LDRSHIP_ARN36735-FM_6-22-000-WEB-1.pdf, DrillandCer_ARN32297-TC_3-21.5-000-WEB-1.pdf, PhysFitARN30964-FM_7-22-001-WEB-4.pdf, FoodServ_ARN7458_R30_22_FINAL.pdf, Nutrition_AR40-25_WEB_Final.pdf"
12,586,0.3221668533904561,6.085079850587933,272.1099484364192,"What are the main principles outlined in Sun Tzu's 'Art of War' regarding strategy? (3) Serve? If unable to maintain the mind-minutes, if we choose to do any red and thegreatOu-yang,mayhavebeabletackersandleawholearmyasthoughyou theenemy","ArtOfWar.pdf, BlueBookTP600-4.pdf, LDRSHIP_ARN36735-FM_6-22-000-WEB-1.pdf, DrillandCer_ARN32297-TC_3-21.5-000-WEB-1.pdf, PhysFitARN30964-FM_7-22-001-WEB-4.pdf, FoodServ_ARN7458_R30_22_FINAL.pdf, Nutrition_AR40-25_WEB_Final.pdf"
13,586,0.23059480245711453,6.163528897318002,277.3145501613617,"What are the main principles outlined in Sun Tzu's 'Art of War' regarding strategy? 15-33. The physical training is to a teacher and non-compartment weekly to happen—has the moment to try and twist to the amount of the test of physical demands. The physical readiness, then MOS and nonphysical","ArtOfWar.pdf, BlueBookTP600-4.pdf, LDRSHIP_ARN36735-FM_6-22-000-WEB-1.pdf, DrillandCer_ARN32297-TC_3-21.5-000-WEB-1.pdf, PhysFitARN30964-FM_7-22-001-WEB-4.pdf, FoodServ_ARN7458_R30_22_FINAL.pdf, Nutrition_AR40-25_WEB_Final.pdf"
14,586,0.1814503253726829,6.238837538805769,279.5679804086685,"What are the main principles outlined in Sun Tzu's 'Art of War' regarding strategy? (3) Serve as Sun Tzu does not be found in this chapter, receipt, or Itis, the Government resources to SS. (4) Developing System changes occur in food service representatives and service representatives. (5","ArtOfWar.pdf, BlueBookTP600-4.pdf, LDRSHIP_ARN36735-FM_6-22-000-WEB-1.pdf, DrillandCer_ARN32297-TC_3-21.5-000-WEB-1.pdf, PhysFitARN30964-FM_7-22-001-WEB-4.pdf, FoodServ_ARN7458_R30_22_FINAL.pdf, Nutrition_AR40-25_WEB_Final.pdf"
15,586,0.15239314197120812,6.310632129849291,283.59596093495685,"What are the main principles outlined in Sun Tzu's 'Art of War' regarding strategy? 14-19. The other hero procedures the sequence of the body will provide context to change, and it is believed they still to expect. If, we are held as part of a muscle, it is called is 200","ArtOfWar.pdf, BlueBookTP600-4.pdf, LDRSHIP_ARN36735-FM_6-22-000-WEB-1.pdf, DrillandCer_ARN32297-TC_3-21.5-000-WEB-1.pdf, PhysFitARN30964-FM_7-22-001-WEB-4.pdf, FoodServ_ARN7458_R30_22_FINAL.pdf, Nutrition_AR40-25_WEB_Final.pdf"
16,586,0.13071438581158276,6.379397246120835,287.10773204267025,"What are the main principles outlined in Sun Tzu's 'Art of War' regarding strategy? 14-62. The control of this principle are discussed in this way of a that Soldiers perform their work, the Army, and the Army Ethic, and Army National Guard/ to the difference between the requesting activity ble in Initial Military","ArtOfWar.pdf, BlueBookTP600-4.pdf, LDRSHIP_ARN36735-FM_6-22-000-WEB-1.pdf, DrillandCer_ARN32297-TC_3-21.5-000-WEB-1.pdf, PhysFitARN30964-FM_7-22-001-WEB-4.pdf, FoodServ_ARN7458_R30_22_FINAL.pdf, Nutrition_AR40-25_WEB_Final.pdf"
17,586,0.11744444638032962,6.447000675325829,288.8013826117796,"What are the main principles outlined in Sun Tzu's 'Art of War' regarding strategy? 14-13. The CAO—for the old or needs to include the following the training area of the concept with the training cycle within that point of the training, cognitive flexibility or failure to musculoskeletal tissue,","ArtOfWar.pdf, BlueBookTP600-4.pdf, LDRSHIP_ARN36735-FM_6-22-000-WEB-1.pdf, DrillandCer_ARN32297-TC_3-21.5-000-WEB-1.pdf, PhysFitARN30964-FM_7-22-001-WEB-4.pdf, FoodServ_ARN7458_R30_22_FINAL.pdf, Nutrition_AR40-25_WEB_Final.pdf"
18,586,0.1060227629229579,6.510024395938168,290.06319586435956,"What are the main principles outlined in Sun Tzu's 'Art of War' regarding strategy? 1 October 2020 FM 7-22 4-3Chapter 4 cells called osteoblasts lay down new bone tissue to strengthen the bone, while other cells called osteoclasts reabsorb bone tissue. So long as these two processes are","ArtOfWar.pdf, BlueBookTP600-4.pdf, LDRSHIP_ARN36735-FM_6-22-000-WEB-1.pdf, DrillandCer_ARN32297-TC_3-21.5-000-WEB-1.pdf, PhysFitARN30964-FM_7-22-001-WEB-4.pdf, FoodServ_ARN7458_R30_22_FINAL.pdf, Nutrition_AR40-25_WEB_Final.pdf"
19,586,0.0660963202016142,6.567986601609846,293.33709339091655,"What are the main principles outlined in Sun Tzu's 'Art of War' regarding strategy? 1 October 2020 FM 7-22 4-3Chapter 4 cells called osteoblasts lay down new bone tissue to strengthen the bone, while other cells called osteoclasts reabsorb bone tissue. So long as these two processes are","ArtOfWar.pdf, BlueBookTP600-4.pdf, LDRSHIP_ARN36735-FM_6-22-000-WEB-1.pdf, DrillandCer_ARN32297-TC_3-21.5-000-WEB-1.pdf, PhysFitARN30964-FM_7-22-001-WEB-4.pdf, FoodServ_ARN7458_R30_22_FINAL.pdf, Nutrition_AR40-25_WEB_Final.pdf"
20,586,0.043114775957050176,6.621824225468034,293.6949249982834,"What are the main principles outlined in Sun Tzu's 'Art of War' regarding strategy? 1 October 2020 FM 7-22 4-3Chapter 4 cells called osteoblasts lay down new bone tissue to strengthen the bone, while other cells called osteoclasts reabsorb bone tissue. So long as these two processes are","ArtOfWar.pdf, BlueBookTP600-4.pdf, LDRSHIP_ARN36735-FM_6-22-000-WEB-1.pdf, DrillandCer_ARN32297-TC_3-21.5-000-WEB-1.pdf, PhysFitARN30964-FM_7-22-001-WEB-4.pdf, FoodServ_ARN7458_R30_22_FINAL.pdf, Nutrition_AR40-25_WEB_Final.pdf"
